Date,Close,9-day,21-day,Signal
2022-04-18,165.07000732421875,,,
2022-04-19,167.39999389648438,,,
2022-04-20,167.22999572753906,,,
2022-04-21,166.4199981689453,,,
2022-04-22,161.7899932861328,,,
2022-04-25,162.8800048828125,,,
2022-04-26,156.8000030517578,,,
2022-04-27,156.57000732421875,,,
2022-04-28,163.63999938964844,163.08888922797308,,
2022-04-29,157.64999389648438,162.26444329155817,,
2022-05-02,157.9600067138672,161.2155558268229,,
2022-05-03,159.47999572753906,160.3544447157118,,
2022-05-04,166.02000427246094,160.31000094943576,,
2022-05-05,156.77000427246094,159.75222439236111,,
2022-05-06,157.27999877929688,159.1300014919705,,
2022-05-09,152.05999755859375,158.60333421495227,,
2022-05-10,154.50999450683594,158.37444390190973,,
2022-05-11,146.5,156.4699995252821,,
2022-05-12,142.55999755859375,154.79333326551648,,
2022-05-13,147.11000061035156,153.58777703179254,,
2022-05-16,145.5399932861328,152.0388878716363,157.67809477306548,
2022-05-17,149.24000549316406,150.17444356282553,156.92428516206286,
2022-05-18,140.82000732421875,148.4022216796875,155.65857151576452,
2022-05-19,137.35000610351562,146.18777804904514,154.2357148670015,
2022-05-20,137.58999633789062,144.58000013563367,152.86285763695128,
2022-05-23,143.11000061035156,143.3133341471354,151.97333417619978,
2022-05-24,140.36000061035156,142.63111199273004,150.9009530203683,
2022-05-25,140.52000427246094,142.40444607204861,150.12571498325892,
2022-05-26,143.77999877929688,142.03444586859808,149.51666695731026,
2022-05-27,149.63999938964844,142.49000210232205,148.8500002906436,
2022-05-31,148.83999633789062,142.445556640625,148.43047659737724,
2022-06-01,148.7100067138672,143.32222323947482,147.99000040690103,
2022-06-02,151.2100067138672,144.86222330729166,147.59619140625,
2022-06-03,145.3800048828125,145.727779812283,146.6133342924572,
2022-06-06,146.13999938964844,146.06444634331598,146.10714358375185,
2022-06-07,148.7100067138672,146.99222479926215,145.6990487234933,BUY
2022-06-08,147.9600067138672,147.81889173719617,145.5038110642206,
2022-06-09,142.63999938964844,147.69222513834634,144.9385732014974,
2022-06-10,137.1300048828125,146.3022257486979,144.4923829578218,
2022-06-13,131.8800048828125,144.41778225368924,143.9838118780227,
2022-06-14,132.75999450683594,142.64555867513022,143.30047825404577,SELL
2022-06-15,135.42999267578125,140.89222378200955,142.81904965355284,
2022-06-16,130.05999755859375,139.19000074598523,141.9057159423828,
2022-06-17,131.55999755859375,137.57000054253473,141.46476309640067,
2022-06-21,135.8699951171875,136.14333258734808,141.39428638276598,
2022-06-22,135.35000610351562,134.74222140842014,141.28762018112909,
2022-06-23,138.27000427246094,134.2566663953993,141.05714416503906,
2022-06-24,141.66000366210938,134.75999959309897,141.11904907226562,
2022-06-27,141.66000366210938,135.84666612413196,141.17333475748697,
2022-06-28,137.44000244140625,136.36666700575086,140.8714301699684,
2022-06-29,139.22999572753906,136.78888956705728,140.37571570986793,
2022-06-30,136.72000122070312,137.52888997395834,139.79857308523995,
2022-07-01,138.92999267578125,138.3477783203125,139.33285813104538,
2022-07-05,141.55999755859375,138.9800008138021,138.87333388555618,BUY
2022-07-06,142.9199981689453,139.82111104329428,138.75619070870536,
2022-07-07,146.35000610351562,140.71888902452258,138.76619102841332,
2022-07-08,147.0399932861328,141.31666564941406,138.68666657947358,
2022-07-11,144.8699951171875,141.67333136664496,138.53952317010788,
2022-07-12,145.86000061035156,142.60888671875,138.69285656156995,
2022-07-13,145.49000549316406,143.304443359375,139.09095182872954,
2022-07-14,148.47000122070312,144.60999891493054,139.8809516543434,
2022-07-15,150.1699981689453,145.85888841417102,140.70999944777716,
2022-07-18,147.07000732421875,146.47111172146268,141.26428585960753,
2022-07-19,151.0,147.36888970269098,142.2614288330078,
2022-07-20,153.0399932861328,148.11222161187067,143.28428577241442,
2022-07-21,155.35000610351562,149.03555636935764,144.21190534319197,
2022-07-22,154.08999633789062,150.06000094943576,145.10428583054315,
2022-07-25,152.9499969482422,150.8477783203125,145.80333310081846,
2022-07-26,151.60000610351562,151.52666727701822,146.27666655040923,
2022-07-27,156.7899932861328,152.45111083984375,146.9971422467913,
2022-07-28,157.35000610351562,153.24888949924045,147.9452376592727,
2022-07-29,162.50999450683594,154.96444363064236,149.0538090297154,
2022-08-01,161.50999450683594,156.13222079806857,150.23428490048363,
2022-08-02,160.00999450683594,156.9066653781467,151.23809451148622,
2022-08-03,166.1300048828125,158.1044430202908,152.40809486025856,
2022-08-04,165.80999755859375,159.4066653781467,153.4980948311942,
2022-08-05,165.35000610351562,160.7844441731771,154.4028567359561,
2022-08-08,164.8699951171875,162.2588873969184,155.2519044421968,
2022-08-09,164.9199981689453,163.16222127278647,156.2066664922805,
2022-08-10,169.24000549316406,164.48333231608072,157.32000005812873,
2022-08-11,168.49000549316406,165.1477779812283,158.41523815336683,
2022-08-12,172.10000610351562,166.32444593641492,159.54047648111978,
2022-08-15,173.19000244140625,167.7888912624783,160.6366671607608,
2022-08-16,173.02999877929688,168.55555725097656,161.87285723005022,
2022-08-17,174.5500030517578,169.52666897243924,162.9942859468006,
2022-08-18,174.14999389648438,170.50444539388022,163.99952407110305,
2022-08-19,171.52000427246094,171.2433353000217,164.76952398390998,
2022-08-22,167.57000732421875,171.53778076171875,165.41142926897322,
2022-08-23,167.22999572753906,171.31444634331598,166.0914292108445,
2022-08-24,167.52999877929688,171.20777893066406,166.8500002906436,
2022-08-25,170.02999877929688,170.97777811686197,167.48047674269904,
2022-08-26,163.6199951171875,169.91444396972656,167.77904764811197,
2022-08-29,161.3800048828125,168.62000020345053,167.7252386183966,
2022-08-30,158.91000366210938,166.8822224934896,167.60142953055245,SELL
2022-08-31,157.22000122070312,165.00111219618054,167.46857270740327,
2022-09-01,157.9600067138672,163.49444580078125,167.07952517554872,
2022-09-02,155.80999755859375,162.18777804904514,166.60333469935827,
2022-09-06,154.52999877929688,160.77666727701822,166.08809625534784,
2022-09-07,155.9600067138672,159.4911126030816,165.66381109328498,
2022-09-08,154.4600067138672,157.76111348470053,165.16571626209077,
2022-09-09,157.3699951171875,157.06666904025607,164.60047767275856,
2022-09-12,163.42999267578125,157.29444546169705,164.35952468145462,
2022-09-13,153.83999633789062,156.73111131456164,163.49000040690103,
2022-09-14,155.30999755859375,156.51888868543836,162.6385716029576,
2022-09-15,152.3699951171875,155.89777628580728,161.6547619047619,
2022-09-16,150.6999969482422,155.32999844021268,160.519047328404,
2022-09-19,154.47999572753906,155.3244425455729,159.58238074893043,
2022-09-20,156.89999389648438,155.4288855658637,158.88618977864584,
2022-09-21,153.72000122070312,155.34666273328992,158.2266656784784,
2022-09-22,152.74000549316406,154.83221944173178,157.53666614350817,
2022-09-23,150.42999267578125,153.38777499728732,156.72238013857887,
2022-09-26,150.77000427246094,153.04666476779514,155.80523754301527,
2022-09-27,151.75999450683594,152.65221998426648,155.240475609189,
2022-09-28,149.83999633789062,152.37110900878906,154.69095139276413,
2022-09-29,142.47999572753906,151.45777553982205,153.90857006254652,
2022-09-30,138.1999969482422,149.64888678656683,153.0028555733817,
2022-10-03,142.4499969482422,148.0433315700955,152.2642836797805,
2022-10-04,146.10000610351562,147.19666544596353,151.8019031343006,
2022-10-05,146.39999389648438,146.49221971299914,151.41476004464286,
2022-10-06,145.42999267578125,145.93666415744357,150.91333080473402,
2022-10-07,140.08999633789062,144.749996609158,150.22904459635416,
2022-10-10,140.4199981689453,143.48999701605902,149.4219018845331,
2022-10-11,138.97999572753906,142.28333028157553,148.2576163155692,
2022-10-12,138.33999633789062,141.82333034939236,147.51952107747397,
2022-10-13,142.99000549316406,142.35555352105035,146.93285478864397,
2022-10-14,138.3800048828125,141.90333218044705,146.26666477748327,
2022-10-17,142.41000366210938,141.4933319091797,145.87190319242933,
2022-10-18,143.75,141.19888814290366,145.36095101492745,
2022-10-19,143.86000061035156,141.02444458007812,144.73999895368303,
2022-10-20,143.38999938964844,141.39111158582898,144.2480941045852,
2022-10-21,147.27000427246094,142.15222337510852,143.9876178559803,
2022-10-24,149.4499969482422,143.31555684407553,143.94095139276413,
2022-10-25,152.33999633789062,144.87111239963107,144.01571291968935,BUY
2022-10-26,149.35000610351562,145.5777791341146,143.9009515671503,
2022-10-27,144.8000030517578,146.2911122639974,143.66095188685827,
2022-10-28,155.74000549316406,147.77222357855902,144.29238092331659,
2022-10-31,153.33999633789062,148.83777872721353,145.01333327520462,
2022-11-01,150.64999389648438,149.59222242567273,145.40380932035902,
2022-11-02,145.02999877929688,149.77444458007812,145.3528565906343,
2022-11-03,138.8800048828125,148.84222242567273,144.99476187569755,
2022-11-04,138.3800048828125,147.61222330729166,144.65904817127046,
2022-11-07,138.9199981689453,146.12111239963107,144.60333397274925,
2022-11-08,139.5,145.02666727701822,144.5595245361328,
2022-11-09,134.8699951171875,143.92333306206598,144.36381022135416,SELL
2022-11-10,146.8699951171875,142.93777635362414,144.7700006394159,
2022-11-11,149.6999969482422,142.53333197699652,145.0895240420387,
2022-11-14,148.27999877929688,142.2699991861979,145.56095232282365,
2022-11-15,150.0399932861328,142.82666524251303,145.92428516206286,
2022-11-16,148.7899932861328,143.92777506510416,146.1642848423549,
2022-11-17,150.72000122070312,145.29888576931424,146.49095153808594,
2022-11-18,151.2899932861328,146.67332967122397,146.8671417236328,
2022-11-21,148.00999450683594,147.61888461642795,146.90237935384116,BUY
2022-11-22,150.17999267578125,149.3199954562717,146.93714105515252,
2022-11-23,151.07000732421875,149.78666347927518,146.87666538783483,
2022-11-25,148.11000061035156,149.60999721950955,146.81761750720796,
2022-11-28,144.22000122070312,149.1588863796658,146.78999837239584,
2022-11-29,141.1699981689453,148.17333136664496,146.096188499814,
2022-11-30,148.02999877929688,148.0888875325521,145.84333147321428,
2022-12-01,148.30999755859375,147.82110934787326,145.73190307617188,
2022-12-02,147.80999755859375,147.43444315592447,145.8642839704241,
2022-12-05,146.6300048828125,147.28111097547742,146.23333158947173,
2022-12-06,142.91000366210938,146.47333441840277,146.44904581705728,
2022-12-07,140.94000244140625,145.3477783203125,146.5452364966983,SELL
2022-12-08,142.64999389648438,144.74111090766058,146.6952362060547,
2022-12-09,142.16000366210938,144.51222229003906,147.04237947009858,
2022-12-12,144.49000549316406,144.88111199273004,146.92904663085938,
2022-12-13,145.47000122070312,144.59666781955295,146.72761826288132,
2022-12-14,143.2100067138672,144.03000217013889,146.48619006928942,
2022-12-15,136.5,142.7733357747396,145.84142848423548,
2022-12-16,134.50999450683594,141.42666795518664,145.1614285423642,
2022-12-19,132.3699951171875,140.25555589463977,144.28761872791108,
2022-12-20,132.3000030517578,139.2955559624566,143.38333347865515,
2022-12-21,135.4499969482422,138.4955563015408,142.78523835681733,
2022-12-22,132.22999572753906,137.39222208658853,141.93047659737724,
2022-12-23,131.86000061035156,135.9888882107205,141.01571437290735,
2022-12-27,130.02999877929688,134.27333238389758,140.1547619047619,
2022-12-28,126.04000091552734,132.3655539618598,139.28904760451545,
2022-12-29,129.61000061035156,131.5999984741211,138.7385715302967,
2022-12-30,129.92999267578125,131.09110938178168,137.87666647774833,
2023-01-03,125.06999969482422,130.27999877929688,136.76999991280692,
2023-01-04,126.36000061035156,129.6199985080295,135.74857148670014,
2023-01-05,125.0199966430664,128.4611095852322,134.71952347528367,
2023-01-06,129.6199951171875,128.17110951741537,134.0866659255255,
2023-01-09,130.14999389648438,127.98110877143012,133.57285599481492,
2023-01-10,130.72999572753906,128.0588862101237,133.00523703438895,
2023-01-11,133.49000549316406,128.88666449652777,132.5923799787249,
2023-01-12,133.41000366210938,129.3088870578342,132.06476084391275,
2023-01-13,134.75999450683594,129.84555392795139,131.5547605242048,
2023-01-17,135.94000244140625,131.05333201090494,131.2085698445638,
2023-01-18,135.2100067138672,132.03666602240668,131.14714159284318,BUY
2023-01-19,135.27000427246094,133.17555575900607,131.18333253406342,
2023-01-20,137.8699951171875,134.09222242567273,131.44523729596818,
2023-01-23,141.11000061035156,135.31000094943576,131.86476098923455,
2023-01-24,142.52999877929688,136.62111239963107,132.2019039335705,
2023-01-25,141.86000061035156,137.55111185709634,132.66047559465682,
2023-01-26,143.9600067138672,138.72333441840277,133.23666636149088,
2023-01-27,145.92999267578125,139.96444532606336,133.99380892799013,
2023-01-30,143.0,140.74888949924045,134.80142793201264,
2023-01-31,144.2899932861328,141.75777689615884,135.50047520228796,
2023-02-01,145.42999267578125,142.88666449652777,136.23857044038317,
2023-02-02,150.82000732421875,144.32555474175348,137.46476127987816,
2023-02-03,154.5,145.81333245171442,138.8047612508138,
2023-02-06,151.72999572753906,146.83555433485242,140.07666596912202,
2023-02-07,154.64999389648438,148.2566646999783,141.26857067289808,
2023-02-08,151.9199981689453,149.14110819498697,142.30523754301527,
2023-02-09,150.8699951171875,149.68999735514322,143.2642851329985,
2023-02-10,151.00999450683594,150.57999674479166,144.09857032412575,
2023-02-13,153.85000610351562,151.64222039116754,145.0719037737165,
2023-02-14,153.1999969482422,152.50555419921875,145.9499991280692,
2023-02-15,155.3300018310547,153.0066646999783,146.87333243233817,
2023-02-16,153.7100067138672,152.91888766818576,147.75428481329055,
2023-02-17,152.5500030517578,153.00999959309897,148.57714189801897,
2023-02-21,148.47999572753906,152.32444424099393,149.08238002232142,
2023-02-22,148.91000366210938,151.99000040690103,149.4538087390718,
2023-02-23,149.39999389648438,151.82666693793402,149.78095136369978,
2023-02-24,146.7100067138672,151.34889051649304,150.01190403529577,
2023-02-27,147.9199981689453,150.69000074598523,150.20047505696616,
2023-02-28,147.41000366210938,150.04666815863715,150.27095177060082,SELL
2023-03-01,145.30999755859375,148.93333435058594,150.3809516543434,
2023-03-02,145.91000366210938,148.06666734483508,150.45809500558036,
2023-03-03,151.02999877929688,147.8977779812283,150.72476196289062,
2023-03-06,153.8300018310547,148.49222310384116,150.8680950346447,
2023-03-07,151.60000610351562,148.7911122639974,150.73000008719308,
2023-03-08,152.8699951171875,149.17666795518664,150.78428577241442,
2023-03-09,150.58999633789062,149.60777791341147,150.59095255533853,
2023-03-10,148.5,149.67222256130643,150.42809549967447,
2023-03-13,150.47000122070312,150.01222229003906,150.40904817127046,
2023-03-14,152.58999633789062,150.82111104329428,150.48428635370163,BUY
2023-03-15,152.99000549316406,151.60777791341147,150.4433339436849,
2023-03-16,155.85000610351562,152.1433342827691,150.56952485584077,
2023-03-17,155.0,152.27333407931857,150.55381048293341,
2023-03-20,157.39999389648438,152.9177771674262,150.72952415829613,
2023-03-21,159.27999877929688,153.62999979654947,151.0500001453218,
2023-03-22,157.8300018310547,154.4344448513455,151.49523853120348,
2023-03-23,158.92999267578125,155.59333292643228,151.97238086518786,
2023-03-24,160.25,156.67999945746527,152.48904782249815,
2023-03-27,158.27999877929688,157.31222195095486,153.03999982561385,
2023-03-28,157.64999389648438,157.82999844021268,153.50333295549666,
2023-03-29,160.77000427246094,158.37666490342883,154.1395234607515,
2023-03-30,162.36000061035156,159.19444274902344,154.95142836797805,
2023-03-31,164.89999389648438,160.02777608235678,155.85571361723402,
2023-04-03,166.1699981689453,160.7933315700955,156.57666596912202,
2023-04-04,165.6300048828125,161.65999857584634,157.13857087634858,
2023-04-05,163.75999450683594,162.19666544596353,157.71761794317337,
2023-04-06,164.66000366210938,162.6866658528646,158.27904692150298,
2023-04-10,162.02999877929688,163.10333251953125,158.82380894252233,
2023-04-11,160.8000030517578,163.45333353678384,159.40952337355841,
2023-04-12,160.10000610351562,163.37888929578992,159.8680950346447,
2023-04-13,165.55999755859375,163.7344445122613,160.48571414039247,
2023-04-14,165.2100067138672,163.76889038085938,161.06761896042596,
2023-04-17,165.22999572753906,163.66444566514758,161.5142851329985,
2023-04-18,166.47000122070312,163.75777859157986,162.06047566731772,
2023-04-19,167.6300048828125,164.18777974446616,162.54761904761904,
2023-04-20,166.64999389648438,164.4088897705078,162.89857119605654,
2023-04-21,165.02000427246094,164.7411126030816,163.24095226469495,
2023-04-24,165.3300018310547,165.24444580078125,163.54571460542223,
2023-04-25,163.77000427246094,165.65222337510852,163.71333385649183,
2023-04-26,163.75999450683594,165.4522230360243,163.97428603399368,
2023-04-27,168.41000366210938,165.80777825249567,164.4866674514044,
2023-04-28,169.67999267578125,166.3022223578559,164.91095261346726,
2023-05-01,169.58999633789062,166.64888848198785,165.25523812430245,
2023-05-02,168.5399932861328,166.74999830457898,165.42857142857142,
2023-05-03,167.4499969482422,166.8388875325521,165.4895237513951,
2023-05-04,165.7899932861328,166.9244418674045,165.4971422467913,
2023-05-05,173.57000732421875,167.83999803331164,165.96428571428572,
2023-05-08,173.5,168.92110866970486,166.38523792085192,
2023-05-09,171.77000427246094,169.8111097547743,166.8490477062407,
2023-05-10,173.55999755859375,170.38333129882812,167.4566664922805,
2023-05-11,173.75,170.83555433485242,168.1066662016369,
2023-05-12,172.57000732421875,171.16666666666666,168.4404761904762,
2023-05-15,172.07000732421875,171.5588904486762,168.7671428862072,
2023-05-16,172.07000732421875,172.07222493489584,169.09285772414435,
2023-05-17,172.69000244140625,172.8388926188151,169.38904825846353,
2023-05-18,175.0500030517578,173.00333658854166,169.7423815046038,
2023-05-19,175.16000366210938,173.18778143988715,170.14762006487166,
2023-05-22,174.1999969482422,173.45778062608508,170.5847625732422,
2023-05-23,171.55999755859375,173.23555840386285,170.88142903645834,
2023-05-24,171.83999633789062,173.0233357747396,171.26571437290735,
2023-05-25,172.99000549316406,173.07000223795572,171.70523870558966,
2023-05-26,175.42999267578125,173.4433339436849,172.0395238967169,
2023-05-30,177.3000030517578,174.02444458007812,172.40238153366815,
2023-05-31,177.25,174.53111097547742,172.76714361281623,
2023-06-01,180.08999633789062,175.0911102294922,173.31714375813803,
2023-06-02,180.9499969482422,175.73444281684027,173.96000090099517,
2023-06-05,179.5800018310547,176.33222113715277,174.61666797456286,
2023-06-06,179.2100067138672,177.1822221544054,174.88523937406995,
2023-06-07,177.82000732421875,177.84666781955295,175.09095400855654,
2023-06-08,180.57000732421875,178.6888902452257,175.51000177292596,
2023-06-09,180.9600067138672,179.30333624945746,175.86238316127233,
2023-06-12,183.7899932861328,180.02444627549914,176.3404780796596,
2023-06-13,183.30999755859375,180.6977793375651,176.85190618605841,
2023-06-14,183.9499969482422,181.12666829427084,177.41761997767858,
2023-06-15,186.00999450683594,181.6888902452257,178.08142889113654,
2023-06-16,184.9199981689453,182.282223171658,178.66380964006697,
2023-06-20,185.00999450683594,182.92666625976562,179.13809494745163,
2023-06-21,183.9600067138672,183.60888841417102,179.55714271182106,
2023-06-22,187.0,184.32333204481336,180.16666666666666,
2023-06-23,186.67999267578125,184.9588860405816,180.88666643415178,
2023-06-26,185.27000427246094,185.12333170572916,181.52619062151228,
2023-06-27,188.05999755859375,185.65110948350696,182.24380929129464,
2023-06-28,189.25,186.23999871148004,182.9019048781622,
2023-06-29,189.58999633789062,186.63777669270834,183.48714265369233,
2023-06-30,193.97000122070312,187.64333258734808,184.28333318801154,
2023-07-03,192.4600067138672,188.47111172146268,184.87238130115327,
2023-07-05,191.3300018310547,189.29000006781683,185.36666724795387,
2023-07-06,191.80999755859375,189.82444424099393,185.9490479968843,
2023-07-07,190.67999267578125,190.26888868543836,186.4952378045945,
2023-07-10,188.61000061035156,190.63999938964844,187.00904700869606,
2023-07-11,188.0800018310547,190.64222208658853,187.36666579473587,
2023-07-12,189.77000427246094,190.7000003390842,187.78618948800224,
2023-07-13,190.5399932861328,190.80555555555554,188.1076180594308,
2023-07-14,190.69000244140625,190.44111124674478,188.45904686337425,
2023-07-17,193.99000549316406,190.61111111111111,188.93714250837053,
2023-07-18,193.72999572753906,190.87777709960938,189.3047616141183,
2023-07-19,195.10000610351562,191.2433336046007,189.7895238967169,
2023-07-20,193.1300048828125,191.51555718315973,190.17619105747767,
2023-07-21,191.94000244140625,191.88555738661023,190.55619085402716,
2023-07-24,192.75,192.40444607204861,190.83000037783668,
2023-07-25,193.6199951171875,192.8322228325738,191.1604766845703,
2023-07-26,194.5,193.27222357855902,191.6000002906436,
2023-07-27,193.22000122070312,193.55333455403647,191.84571475074404,
2023-07-28,195.8300018310547,193.75777859157986,192.15904817127046,
2023-07-31,196.4499969482422,194.06000094943576,192.4857148670015,
2023-08-01,195.61000061035156,194.11666700575086,192.56381007603235,
2023-08-02,192.5800018310547,194.05555555555554,192.56952412923178,
2023-08-03,191.1699981689453,193.9699995252821,192.56190490722656,
2023-08-04,181.99000549316406,192.77444458007812,192.0942862374442,
2023-08-07,178.85000610351562,191.13333468967014,191.53095354352678,SELL
2023-08-08,179.8000030517578,189.50000169542102,191.1114298502604,
2023-08-09,178.19000244140625,187.8300018310547,190.6404774983724,
2023-08-10,177.97000122070312,185.8455573187934,190.07857259114584,
2023-08-11,177.7899932861328,183.77222357855902,189.47142973400298,
2023-08-14,179.4600067138672,181.977779812283,188.93666803269159,
2023-08-15,177.4499969482422,180.29666815863715,188.14904857817152,
2023-08-16,176.57000732421875,178.67444695366754,187.3319062732515,
2023-08-17,174.0,177.7866685655382,186.327144077846,
2023-08-18,174.49000549316406,177.30222405327692,185.4395250592913,
2023-08-21,175.83999633789062,176.86222330729166,184.67285810198103,
2023-08-22,177.22999572753906,176.75555589463977,183.93381027948288,
2023-08-23,181.1199951171875,177.10555521647134,183.33857218424478,
2023-08-24,176.3800048828125,176.94888983832465,182.47571527390252,
2023-08-25,178.61000061035156,176.8544447157118,181.7800009591239,
2023-08-28,180.19000244140625,177.1588897705078,181.03523908342635,
2023-08-29,184.1199951171875,177.9977773030599,180.4480961390904,
2023-08-30,187.64999389648438,179.51444329155817,180.06904820033483,
2023-08-31,187.8699951171875,181.00110880533853,179.84476216634116,BUY
2023-09-01,189.4600067138672,182.51444329155817,179.7633340018136,
2023-09-05,189.6999969482422,183.8999989827474,180.13047645205543,
2023-09-06,182.91000366210938,184.09888882107205,180.32380966913132,
2023-09-07,177.55999755859375,184.22999911838107,180.2171427408854,
2023-09-08,178.17999267578125,184.18222045898438,180.21666608537947,
2023-09-11,179.36000061035156,184.08999803331164,180.28285653250558,
2023-09-12,176.3000030517578,183.22111002604166,180.21190461658296,
2023-09-13,174.2100067138672,181.72777811686197,179.96190461658296,
2023-09-14,175.74000549316406,180.3800014919705,179.88047645205543,
2023-09-15,175.00999450683594,178.77444458007812,179.80619012741815,SELL
2023-09-18,177.97000122070312,177.47111172146268,179.9952378045945,
2023-09-19,179.07000732421875,177.04444546169705,180.2133331298828,
2023-09-20,175.49000549316406,176.81444634331598,180.19666689918154,
2023-09-21,173.92999267578125,176.34222412109375,180.0395238967169,
2023-09-22,174.7899932861328,175.83444552951389,179.73809523809524,
2023-09-25,176.0800018310547,175.81000094943576,179.72380937848772,
2023-09-26,171.9600067138672,175.56000094943576,179.40714300246466,
2023-09-27,170.42999267578125,174.9699995252821,178.94238063267298,
2023-09-28,170.69000244140625,174.49000040690103,178.30285717192152,
2023-09-29,171.2100067138672,173.73888990614148,177.5200006394159,
2023-10-02,173.75,173.1477779812283,176.84761991954986,
2023-10-03,172.39999389648438,172.804443359375,176.03523835681733,
2023-10-04,173.66000366210938,172.77444458007812,175.27142915271577,
2023-10-05,174.91000366210938,172.78777906629773,174.8904767717634,
2023-10-06,177.49000549316406,172.94444613986545,174.88714381626673,
2023-10-09,178.99000549316406,173.7255571153429,174.92571585518974,
2023-10-10,178.38999938964844,174.61000230577258,174.87952532087053,
2023-10-11,179.8000030517578,175.62222459581164,175.0461919875372,BUY
2023-10-12,180.7100067138672,176.6777801513672,175.355715797061,
2023-10-13,178.85000610351562,177.24444749620227,175.5038110642206,
2023-10-16,178.72000122070312,177.94667053222656,175.68047805059524,
2023-10-17,177.14999389648438,178.3344472249349,175.6414300827753,
2023-10-18,175.83999633789062,178.43777974446616,175.48762003580728,
2023-10-19,175.4600067138672,178.21222432454428,175.48619152250745,
2023-10-20,172.8800048828125,177.53333536783853,175.43619210379464,
2023-10-23,173.0,176.93444654676648,175.35095432826452,
2023-10-24,173.44000244140625,176.227779812283,175.2252400716146,
2023-10-25,171.10000610351562,175.16000196668836,175.18428766159784,SELL
2023-10-26,166.88999938964844,173.83111233181424,175.01571655273438,
2023-10-27,168.22000122070312,172.66444566514758,174.8980974469866,
2023-10-30,170.2899932861328,171.90222337510852,174.85428728376115,
2023-10-31,170.77000427246094,171.3388909233941,174.71238272530692,
2023-11-01,173.97000122070312,171.17333475748697,174.78714497884116,
2023-11-02,177.57000732421875,171.69444613986545,174.9733356294178,
2023-11-03,176.64999389648438,172.1000010172526,175.05619230724517,
2023-11-06,179.22999572753906,172.7433336046007,175.13904898507255,
2023-11-07,181.82000732421875,173.9344448513455,175.27381097702752,
2023-11-08,182.88999938964844,175.71222262912326,175.48809669131325,BUY
2023-11-09,182.41000366210938,177.28888956705728,175.61238243466332,
2023-11-10,186.39999389648438,179.07888963487414,175.88333420526413,
2023-11-13,184.8000030517578,180.63777838812933,176.16666739327567,
2023-11-14,187.44000244140625,182.1344451904297,176.58190554664247,
2023-11-15,188.00999450683594,183.29444376627603,177.0990484328497,
2023-11-16,189.7100067138672,184.7455563015408,177.75952511742003,
2023-11-17,189.69000244140625,185.90777926974826,178.43714396158853,
2023-11-20,191.4499969482422,186.97777811686197,179.32142929803757,
2023-11-21,190.63999938964844,187.83888922797308,180.16142926897322,
2023-11-22,191.30999755859375,188.82777743869357,181.01238141741072,
2023-11-24,189.97000122070312,189.22444491916232,181.91095261346726,
2023-11-27,189.7899932861328,189.77888827853732,183.00142851329986,
2023-11-28,190.39999389648438,190.10777621799045,184.057618640718,
2023-11-29,189.3699951171875,190.2588873969184,184.96619015648253,
2023-11-30,189.9499969482422,190.28555297851562,185.87952314104353,
2023-12-01,191.24000549316406,190.45777553982205,186.701904296875,
2023-12-04,189.42999267578125,190.23333062065973,187.26666550409226,
2023-12-05,193.4199981689453,190.54221937391492,188.0652371361142,
2023-12-06,192.32000732421875,190.6544426812066,188.68857102167038,
2023-12-07,194.27000427246094,191.13222079806857,189.28142801920572,
2023-12-08,195.7100067138672,191.79000006781683,189.89190455845423,
2023-12-11,193.17999267578125,192.09888882107205,190.4047611781529,
2023-12-12,194.7100067138672,192.69222344292535,190.80047607421875,
2023-12-13,197.9600067138672,193.58222452799478,191.4271429152716,
2023-12-14,198.11000061035156,194.3455573187934,191.93523806617372,
2023-12-15,197.57000732421875,195.250003390842,192.3904767717634,
2023-12-18,195.88999938964844,195.52444797092014,192.68476213727678,
2023-12-19,196.94000244140625,196.03778076171875,193.03000023251488,
2023-12-20,194.8300018310547,196.10000271267361,193.19095284598214,
2023-12-21,194.67999267578125,195.98555670844183,193.38333347865515,
2023-12-22,193.60000610351562,196.03222486707898,193.4923815046038,
2023-12-26,193.0500030517578,195.84778001573352,193.63904825846353,
2023-12-27,193.14999389648438,195.3133341471354,193.7990482875279,
2023-12-28,193.5800018310547,194.81000094943576,193.95047723679315,
2023-12-29,192.52999877929688,194.25,194.1009536016555,
2024-01-02,185.63999938964844,193.11111111111111,193.89571562267486,SELL
2024-01-03,184.25,191.70111083984375,193.56285821823846,
2024-01-04,181.91000366210938,190.2655554877387,193.2047635033017,
2024-01-05,181.17999267578125,188.7655554877387,192.62190609886534,
2024-01-08,185.55999755859375,187.8722212049696,192.3000008719308,
2024-01-09,185.13999938964844,186.9933319091797,191.865238734654,
2024-01-10,186.19000244140625,186.2199995252821,191.41190519787017,
2024-01-11,185.58999633789062,185.33222113715277,191.05047680082777,
2024-01-12,185.9199981689453,184.59777662489148,190.6319049653553,
2024-01-16,183.6300048828125,184.37444390190973,189.94952392578125,
2024-01-17,182.67999267578125,184.1999986436632,189.21476164318267,
2024-01-18,188.6300048828125,184.94666544596353,188.78904724121094,
2024-01-19,191.55999755859375,186.0999993218316,188.58285667782738,
2024-01-22,193.88999938964844,187.02555508083768,188.43761843726747,
2024-01-23,195.17999267578125,188.141109890408,188.45428466796875,
2024-01-24,194.5,189.06444295247397,188.44571358816964,BUY
2024-01-25,194.1699981689453,190.0177764892578,188.47285606747582,
2024-01-26,192.4199981689453,190.73999871148004,188.44285583496094,
2024-01-29,191.72999572753906,191.63999769422742,188.37523687453498,
2024-01-30,188.0399932861328,192.23555331759982,188.1114269438244,
2024-01-31,184.39999389648438,191.7655520968967,187.72428385416666,
2024-02-01,186.86000061035156,191.24333021375867,187.78237915039062,
2024-02-02,185.85000610351562,190.34999762641058,187.8585699172247,
2024-02-05,187.67999267578125,189.51666429307727,188.13333129882812,
2024-02-06,189.3000030517578,188.93888685438367,188.51999845958892,
2024-02-07,189.41000366210938,188.40999857584634,188.70333208356584,SELL
2024-02-08,188.32000732421875,187.9544440375434,188.8547610328311,
2024-02-09,188.85000610351562,187.6344451904297,188.98142787388392,
2024-02-12,187.14999389648438,187.53555636935764,189.0557134719122,
2024-02-13,185.0399932861328,187.60666741265192,189.01380847749255,
2024-02-14,184.14999389648438,187.30555555555554,189.038569859096,
2024-02-15,183.86000061035156,187.0844438340929,189.09476071312315,
2024-02-16,182.30999755859375,186.48777770996094,188.79380798339844,
2024-02-20,181.55999755859375,185.62777709960938,188.31761750720796,
2024-02-21,182.32000732421875,184.83999972873264,187.76666550409226,
2024-02-22,184.3699951171875,184.40110948350696,187.2519037155878,
2024-02-23,182.52000427246094,183.69777594672308,186.68142772856214,
2024-02-26,181.16000366210938,183.03222147623697,186.06190418061755,
2024-02-27,182.6300048828125,182.76444498697916,185.59571402413505,
2024-02-28,181.4199981689453,182.4611121283637,185.1047617594401,
2024-02-29,180.75,182.11555650499133,184.75761922200522,
2024-03-01,179.66000366210938,181.82111273871527,184.53190540132067,
2024-03-04,175.10000610351562,181.10333591037326,183.97190566289993,
2024-03-05,170.1199951171875,179.7477789984809,183.22285752069382,
2024-03-06,169.1199951171875,178.05333455403647,182.33904811314173,
2024-03-07,169.0,176.55111185709634,181.37238130115327,
2024-03-08,170.72999572753906,175.39222208658853,180.4828571137928,
2024-03-11,172.75,174.29444376627603,179.7414281935919,
2024-03-12,173.22999572753906,173.38444349500867,178.99761817568825,
2024-03-13,171.1300048828125,172.3155551486545,178.2347615559896,
2024-03-14,173.0,171.57555474175348,177.6614285423642,
2024-03-15,172.6199951171875,171.29999796549478,177.1123809814453,
2024-03-18,173.72000122070312,171.6999986436632,176.62952386765252,
2024-03-19,176.0800018310547,172.47333272298178,176.3328574044364,
2024-03-20,178.6699981689453,173.5477769639757,176.1952383858817,
2024-03-21,171.3699951171875,173.61888800726996,175.6738092331659,
2024-03-22,172.27999877929688,173.56666564941406,175.0980951218378,
2024-03-25,170.85000610351562,173.3022223578559,174.54238092331659,
2024-03-26,169.7100067138672,173.14444478352866,173.9971429734003,
2024-03-27,173.30999755859375,173.17888895670572,173.55333310081846,
2024-03-28,171.47999572753906,173.0522223578559,173.07999965122767,
2024-04-01,170.02999877929688,172.64222208658853,172.56952340262276,BUY
2024-04-02,168.83999633789062,171.83777703179254,172.05428495861236,SELL
2024-04-03,169.64999389648438,170.83555433485242,171.79476056780135,
2024-04-04,168.82000732421875,170.5522223578559,171.73285638718377,
